{
  "testFiles": {},
  "files": {
    "test/mock-test.js": {
      "runs": 6,
      "avg0": 90,
      "avg1": 88.83333333333334,
      "avg2": 88.83333333333334,
      "avg3": 88.83333333333334
    }
  }
}